COD_DANE,NOMBRE_MUNI,POB_TOTAL,POB_15_19,POB_15_24,PCT_MUJERES_15_24,PCT_RURAL,N_MATRIC_VIVE,PCT_MUJERES_MATRIC,N_MATRIC_NACE,N_BENEF,PCT_VICTIMAS_BENEF,PROM_GLOBAL_SABER,PROM_MATEMATICAS_SABER,PROM_LECTURA_SABER,N_EVALUADOS,EVALUADOS_POR_PERIODO,BRECHA_OFICIAL_SABER,BRECHA_GENERO_SABER,NOM_MPIO,longitud,latitud,TASA_MATRIC_VIVE,TASA_MATRIC_NACE,TASA_BENEF,BRECHA_GENERO_MATRIC
05001,MEDELLIN,2347656,184184,410957,49.80058740938833,1.676395519616162,179,54.7486033519553,714,0,,250.20656205917695,50.25050068790164,53.5819125407081,114842,16406.0,1.8460978497571432,-9.000536163985004,MEDELLIN,-75.581775,6.246631,0.4355686848015729,1.7374080499906317,0.0,4.948015942566975
05002,ABEJORRAL,17599,1606,2838,45.41930937279774,60.46934484913915,28,67.85714285714286,35,118,24.576271186440678,244.70080862533692,50.075471698113205,51.690026954177895,742,371.0,,-4.78665496049166,ABEJORRAL,-75.428739,5.789315,9.866102889358704,12.332628611698379,73.47447073474471,22.43783348434512
05004,ABRIAQUI,2159,212,388,41.23711340206185,67.20704029643353,0,,0,25,0.0,235.38636363636363,48.20454545454545,49.56818181818182,88,44.0,,9.257080610021774,ABRIAQUI,-76.064304,6.632282,0.0,0.0,117.9245283018868,
05021,ALEJANDRIA,3839,322,585,46.324786324786324,42.30268299036207,2,50.0,2,33,75.75757575757575,229.2469135802469,45.839506172839506,48.77777777777778,162,81.0,,0.413919413919416,ALEJANDRIA,-75.141346,6.376061,3.4188034188034186,3.4188034188034186,102.48447204968944,3.6752136752136764
05030,AMAGA,26821,2290,4611,48.10236391238343,51.41120763580776,2,100.0,3,122,6.557377049180328,231.30993150684932,46.53595890410959,50.06678082191781,1168,584.0,-32.09900794954339,-7.195158776543934,AMAGA,-75.702188,6.038708,0.4337453914552158,0.6506180871828238,53.275109170305676,51.89763608761657
05031,AMALFI,20265,2110,3831,48.91673192377969,42.33900814211695,68,70.58823529411765,51,357,15.966386554621847,230.67118644067796,48.03050847457627,49.637288135593224,1180,590.0,,-11.171848891693259,AMALFI,-75.077501,6.909655,17.749934742886975,13.31245105716523,169.19431279620852,21.67150337033796
05034,ANDES,38144,3457,6778,45.07229271171437,49.70899748322148,348,60.91954022988506,278,111,7.207207207207207,244.51227154046998,50.04751958224543,51.90443864229765,1915,638.3333333333334,-22.706674026221833,-10.727340187268965,ANDES,-75.878828,5.657194,51.342578931838304,41.015048686928296,32.10876482499277,15.84724751817069
05036,ANGELOPOLIS,5027,465,861,49.94192799070848,60.69226178635368,0,,2,43,11.627906976744185,211.46923076923076,43.16923076923077,46.40769230769231,260,130.0,,1.5229512136505718,ANGELOPOLIS,-75.711389,6.109719,0.0,2.3228803716608595,92.47311827956989,
05038,ANGOSTURA,10500,1098,1989,47.259929612870785,77.43809523809524,16,50.0,14,58,1.7241379310344827,207.08680555555554,41.34722222222222,44.59722222222222,576,288.0,,-0.44289395633782647,ANGOSTURA,-75.335116,6.885175,8.044243338360985,7.038712921065862,52.82331511839708,2.740070387129215
05040,ANORI,14502,1485,2821,48.45799361928394,51.420493725003446,7,71.42857142857143,10,354,29.66101694915254,195.55882352941177,38.22755417956656,42.023219814241486,1292,646.0,,-5.35885167464113,ANORI,-75.148355,7.074703,2.4813895781637716,3.544842254519674,238.3838383838384,22.97057780928749
05042,SANTA FE DE ANTIOQUIA,23216,2053,4056,48.865877712031555,33.11509303928325,145,60.0,122,67,19.402985074626866,229.86529318541997,46.26782884310618,49.5229793977813,1262,631.0,61.121233411397355,-10.875597343759694,SANTA FE DE ANTIOQUIA,-75.826648,6.556484,35.74950690335306,30.07889546351085,32.63516804676084,11.134122287968445
05044,ANZA,6388,681,1197,47.45196324143692,81.5278647463995,3,66.66666666666666,2,80,7.5,223.2791519434629,45.41342756183746,47.7773851590106,283,94.33333333333333,,-4.638554216867476,ANZA,-75.854442,6.302641,2.506265664160401,1.670843776106934,117.47430249632893,19.214703425229736
05045,APARTADO,113469,11481,22381,50.06925517179751,19.087151556812874,932,58.47639484978541,1066,0,,232.41408690712865,46.758733314399315,50.35416074978699,7042,1408.4,47.08847252407668,-12.156143923852738,APARTADO,-76.625279,7.882968,41.64246459050087,47.62968589428533,0.0,8.4071396779879
05051,ARBOLETES,26289,2816,4684,47.7796754910333,63.39533645250866,30,60.0,24,169,39.053254437869825,213.6445846477392,43.33648790746582,45.99894847528917,1902,951.0,,-8.55453748705284,ARBOLETES,-76.426708,8.849317,6.4047822374039285,5.123825789923143,60.01420454545455,12.220324508966698
05055,ARGELIA,6752,707,1199,46.121768140116764,55.687203791469194,15,60.0,18,96,78.125,219.03378378378378,43.99324324324324,47.5,296,148.0,,4.287394957983167,ARGELIA,-75.14107,5.731474,12.510425354462052,15.012510425354462,135.78500707213578,13.878231859883236
05059,ARMENIA,3819,301,512,47.4609375,64.41476826394344,0,,0,0,,251.65822784810126,51.25316455696203,53.79746835443038,158,79.0,,-16.300514800514804,ARMENIA,-75.786647,6.155667,0.0,0.0,0.0,
05079,BARBOSA,44757,3742,7566,48.784033835580225,51.78631275554662,1,0.0,1,19,0.0,235.33273381294964,47.52428057553957,50.90107913669065,2224,1112.0,9.462609519299065,-4.24525163998257,BARBOSA,-75.331627,6.439195,0.13217023526301877,0.13217023526301877,5.077498663816141,-48.784033835580225
05086,BELMIRA,5349,587,1082,47.781885397412196,70.05047672462142,0,,1,123,6.504065040650407,222.57068062827224,45.890052356020945,47.43979057591623,382,191.0,,9.65129107981221,BELMIRA,-75.667779,6.606319,0.0,0.9242144177449169,209.54003407155025,
05088,BELLO,481901,39033,86526,50.01502438573377,4.308561302010164,37,64.86486486486487,40,0,,247.39165891060586,49.557594291539246,53.30456942782431,22563,4512.6,8.355707087352187,-11.726353463505887,BELLO,-75.555245,6.333587,0.4276171324226244,0.4622887918082426,0.0,14.849840479131103
05091,BETANIA,8589,869,1553,48.42240824211204,60.4144836418675,27,66.66666666666666,18,58,10.344827586206897,227.97972972972974,46.57432432432432,49.33108108108108,296,148.0,,5.655279503105589,BETANIA,-75.97679,5.74615,17.385705086928525,11.59047005795235,66.74338319907939,18.244258424554616
05093,BETULIA,15097,1586,2807,47.98717491984325,72.2395177849904,4,75.0,7,59,42.3728813559322,210.02540415704388,42.277136258660505,45.92609699769053,866,433.0,,-4.5779316837009105,BETULIA,-75.984452,6.115208,1.4250089063056643,2.493765586034913,37.20050441361917,27.01282508015675
05101,CIUDAD BOLIVAR,23361,2109,3862,47.74728120145003,36.80921193442062,54,46.2962962962963,87,108,4.62962962962963,236.12941176470588,48.09915966386555,51.01848739495799,1190,595.0,-11.543192918192915,-16.145094562647756,CIUDAD BOLIVAR,-76.021509,5.850273,13.982392542723977,22.52718798549974,51.209103840682786,-1.4509849051537316
05107,BRICENO,5946,599,1110,48.28828828828829,58.69492095526404,2,50.0,4,105,41.904761904761905,223.2921348314607,45.157303370786515,48.07865168539326,178,89.0,,12.894652406417123,BRICENO,-75.55036,7.112803,1.8018018018018018,3.6036036036036037,175.29215358931552,1.7117117117117076
05113,BURITICA,7409,749,1423,47.294448348559385,72.46591982723714,10,50.0,9,129,28.68217054263566,219.25595238095238,42.857142857142854,47.458333333333336,336,168.0,,-22.244730490748196,BURITICA,-75.907,6.720759,7.027406886858748,6.324666198172874,172.22963951935915,2.705551651440615
05120,CACERES,26460,2940,5125,45.112195121951224,80.1058201058201,89,55.0561797752809,69,150,38.666666666666664,214.5730427764326,42.52945924132365,46.196125907990314,1239,413.0,,-12.5780006567785,CACERES,-75.35205,7.578366,17.365853658536587,13.463414634146341,51.02040816326531,9.943984653329679
05125,CAICEDO,7018,707,1286,48.67807153965785,78.48389854659446,0,,1,74,9.45945945945946,215.8403361344538,43.214285714285715,46.29831932773109,476,238.0,,-7.684484812388348,CAICEDO,-75.98293,6.405607,0.0,0.7776049766718507,104.66760961810468,
05129,CALDAS,76260,5625,12542,49.880401849784725,19.349593495934958,2,50.0,14,30,0.0,252.68631921824104,51.68957654723127,54.0472312703583,3070,1023.3333333333334,16.38190223261938,-9.674827407990335,CALDAS,-75.633673,6.091077,0.15946420028703556,1.116249402009249,5.333333333333333,0.11959815021527476
05134,CAMPAMENTO,7432,818,1438,46.87065368567455,68.27233584499461,21,57.14285714285714,12,143,6.293706293706294,225.2012195121951,45.640243902439025,48.84146341463415,328,164.0,,5.253700461562943,CAMPAMENTO,-75.298091,6.979771,14.603616133518775,8.344923504867872,174.8166259168704,10.272203457182592
05138,CANASGORDAS,13595,1307,2394,49.54051796157059,64.95034939315924,5,60.0,8,116,24.137931034482758,218.38202247191012,43.29438202247191,47.31460674157304,890,445.0,,-2.98100949525238,CANASGORDAS,-76.028228,6.753859,2.0885547201336676,3.341687552213868,88.75286916602907,10.459482038429407
05142,CARACOLI,3967,294,580,47.93103448275862,38.41693975296194,4,75.0,5,108,10.185185185185185,223.07766990291262,45.62135922330097,47.9126213592233,206,103.0,,-13.922959572845173,CARACOLI,-74.757421,6.409829,6.896551724137931,8.620689655172413,367.34693877551024,27.06896551724138
05145,CARAMANTA,4269,334,607,47.94069192751236,54.41555399390958,0,,0,25,12.0,228.76923076923077,46.62637362637363,48.79120879120879,182,91.0,,14.044003868471975,CARAMANTA,-75.643868,5.54853,0.0,0.0,74.8502994011976,
05147,CAREPA,45936,5363,9747,47.173489278752434,31.13026819923372,330,62.42424242424243,175,291,53.95189003436426,231.79319258940112,47.691081430417924,49.98061180525635,2321,773.6666666666666,,-8.830310688850943,CAREPA,-76.652652,7.755148,33.856571252693136,17.95424233097363,54.260674995338434,15.250753145489995
05148,EL CARMEN DE VIBORAL,53949,4599,9723,49.68631080942096,38.947895234388035,371,66.84636118598382,135,63,15.873015873015872,266.41257668711654,54.355828220858896,56.33665644171779,2608,1304.0,10.24428709025284,-14.539936041239116,EL CARMEN DE VIBORAL,-75.333901,6.082885,38.15694744420446,13.88460351743289,13.698630136986301,17.160050376562864
05150,CAROLINA,3343,277,470,47.4468085106383,20.96918935088244,2,50.0,2,147,11.564625850340136,238.96296296296296,47.51851851851852,51.18518518518518,162,81.0,,-2.571964956195245,CAROLINA,-75.283192,6.725995,4.25531914893617,4.25531914893617,530.6859205776174,2.5531914893617014
05154,CAUCASIA,84717,8395,15868,51.30451222586338,12.258460521500998,640,61.40624999999999,544,114,21.929824561403507,244.31125265392782,50.040339702760086,52.18131634819533,4710,2355.0,4.63361344537816,-13.188880314907266,CAUCASIA,-75.197996,7.977278,40.332745147466596,34.282833375346605,13.579511614055985,10.101737774136616
05172,CHIGORODO,55564,6073,11369,50.277069223326585,16.231732776617953,411,57.420924574209245,275,326,48.15950920245399,225.24618261140543,46.24836397631661,48.78871922717357,3209,1069.6666666666667,39.50670161665204,-5.915304324920555,CHIGORODO,-76.681531,7.666147,36.150936757850296,24.18858298882927,53.68022394203853,7.14385535088266
05190,CISNEROS,8910,684,1320,51.287878787878796,13.5016835016835,0,,6,150,20.0,229.89162561576356,48.039408866995075,49.02463054187192,406,203.0,,-4.176908942425456,CISNEROS,-75.087047,6.537829,0.0,4.545454545454545,219.29824561403507,
05197,COCORNA,14743,1316,2435,50.26694045174538,59.53333785525334,12,58.333333333333336,13,114,59.64912280701754,246.56134969325154,50.37116564417178,52.86503067484663,652,326.0,-74.79076923076923,-11.23139318640446,COCORNA,-75.185483,6.058295,4.9281314168377826,5.338809034907597,86.62613981762918,8.066392881587959
05206,CONCEPCION,3936,311,598,45.1505016722408,54.92886178861789,5,100.0,4,95,37.89473684210527,229.72619047619048,46.54761904761905,49.976190476190474,168,84.0,,1.9988558352402777,CONCEPCION,-75.257587,6.394348,8.361204013377925,6.688963210702341,305.4662379421222,54.8494983277592
05209,CONCORDIA,16095,1556,2798,49.92852037169407,57.72600186393289,5,60.0,4,124,9.67741935483871,216.99287410926365,43.541567695961994,46.843230403800476,842,421.0,,-6.385657370517947,CONCORDIA,-75.908448,6.045738,1.7869907076483202,1.4295925661186561,79.69151670951156,10.07147962830593
05212,COPACABANA,76479,5875,12922,49.945828819068254,18.631258253899762,7,57.14285714285714,2,29,10.344827586206897,261.01190476190476,52.82328042328042,55.21719576719577,3780,945.0,31.07493290842001,-10.663470129823168,COPACABANA,-75.509384,6.348557,0.5417118093174431,0.15477480266212662,4.9361702127659575,7.197028323788885
05234,DABEIBA,22717,2318,4215,49.98813760379597,60.923537438922395,19,73.68421052631578,28,150,70.0,210.88201160541587,42.29013539651837,46.04448742746615,1034,517.0,,-3.3388966806919314,DABEIBA,-76.261614,6.998112,4.507710557532621,6.6429418742586,64.71095772217429,23.69607292251981
05237,DONMATIAS,14208,1317,2626,52.17060167555218,22.08614864864865,0,,3,18,0.0,246.29834254143645,50.027624309392266,52.17955801104972,724,362.0,38.87304021813222,-12.521316455696223,DONMATIAS,-75.39263,6.485603,0.0,1.1424219345011426,13.66742596810934,
05240,EBEJICO,10338,856,1456,44.43681318681318,82.25962468562584,0,,0,167,4.191616766467066,225.57201646090536,46.31687242798354,48.17695473251029,486,243.0,,-6.500631313131322,EBEJICO,-75.766413,6.325615,0.0,0.0,195.09345794392524,
05250,EL BAGRE,47642,5185,9107,49.1380256945207,37.89513454514924,49,65.3061224489796,54,353,24.929178470254957,216.01186943620178,43.426557863501486,46.996290801186944,2696,1348.0,0.34906302183190974,-4.66504735681562,EL BAGRE,-74.799097,7.5975,5.380476556495004,5.929504776545514,68.08100289296046,16.168096754458894
05264,ENTRERRIOS,8820,783,1599,49.15572232645403,42.02947845804989,3,66.66666666666666,5,126,4.761904761904762,261.14814814814815,52.79012345679013,54.10288065843621,486,243.0,46.53289188015631,-9.532258064516157,ENTRERRIOS,-75.517685,6.566273,1.876172607879925,3.1269543464665417,160.91954022988506,17.510944340212625
05266,ENVIGADO,212437,13008,29281,49.77972063795635,4.5679424958929005,11,45.45454545454545,28,0,,286.3516282844679,57.87704169625647,59.34574414121944,9857,1408.142857142857,37.60880070524229,-7.837608613089003,ENVIGADO,-75.582192,6.166695,0.375670229841877,0.9562514941429596,0.0,-4.325175183410899
05282,FREDONIA,18790,1475,2779,47.930910399424256,58.83448642895157,1,100.0,8,22,0.0,228.4691629955947,45.50440528634361,49.35022026431718,908,454.0,,-11.214804292929301,FREDONIA,-75.675072,5.928039,0.3598416696653472,2.8787333573227776,14.915254237288137,52.069089600575744
05284,FRONTINO,20156,1999,3634,47.85360484314805,59.87795197459813,2,50.0,4,125,40.0,237.0185185185185,48.19444444444444,51.067129629629626,864,432.0,,-0.934667246628976,FRONTINO,-76.130765,6.776066,0.550357732526142,1.100715465052284,62.531265632816414,2.146395156851952
05306,GIRALDO,5057,473,871,49.13892078071183,63.37749653945026,14,71.42857142857143,8,89,4.49438202247191,219.74468085106383,43.255319148936174,48.177304964539005,282,141.0,,-13.409963250306248,GIRALDO,-75.952158,6.680808,16.073478760045923,9.184845005740529,188.16067653276954,22.289650647859602
05308,GIRARDOTA,49045,3917,8296,49.337029893924786,42.57722499745132,2,50.0,2,20,5.0,253.7295008912656,51.4041889483066,54.1626559714795,2244,748.0,32.34922637403713,-4.023771960360364,GIRARDOTA,-75.444238,6.379472,0.2410800385728062,0.2410800385728062,5.105948429920858,0.662970106075214
05310,GOMEZ PLATA,8235,658,1187,47.09351305812974,48.24529447480267,0,,1,180,8.88888888888889,239.9112426035503,49.680473372781066,50.66863905325444,338,169.0,,-13.946453602467074,GOMEZ PLATA,-75.220018,6.683269,0.0,0.8424599831508003,273.5562310030395,
05313,GRANADA,9204,822,1528,50.19633507853403,41.97088222511952,8,37.5,5,0,,241.12328767123287,51.35159817351598,51.1324200913242,438,219.0,,-17.137291280148418,GRANADA,-75.184446,6.142892,5.235602094240838,3.2722513089005236,0.0,-12.696335078534027
05315,GUADALUPE,5452,531,973,49.743062692702985,61.04181951577403,1,100.0,4,141,6.382978723404255,236.5874125874126,48.0,49.67832167832168,286,143.0,,-17.03913894324853,GUADALUPE,-75.239862,6.815069,1.027749229188078,4.110996916752312,265.5367231638418,50.256937307297015
05318,GUARNE,42500,3343,7276,48.08960967564596,59.06823529411764,96,56.25,23,52,1.9230769230769231,259.4213615023474,53.313380281690144,54.524647887323944,1704,852.0,-29.89019369435232,-7.064710042432807,GUARNE,-75.441612,6.27787,13.194062671797692,3.1610775151181967,15.554890816631767,8.16039032435404
05321,GUATAPE,7038,543,1153,48.82914137033825,25.703324808184142,13,53.84615384615385,7,189,25.396825396825395,248.30701754385964,51.17982456140351,52.771929824561404,456,228.0,,2.873332819366283,GUATAPE,-75.160041,6.232461,11.274934952298352,6.071118820468344,348.0662983425414,5.017012475815598
05347,HELICONIA,4709,369,693,45.310245310245314,55.82926311318751,0,,1,75,9.333333333333334,226.6043956043956,45.61538461538461,48.45054945054945,182,91.0,,-14.102898550724632,HELICONIA,-75.734322,6.206757,0.0,1.443001443001443,203.2520325203252,
05353,HISPANIA,4950,427,796,46.231155778894475,33.27272727272727,37,56.75675675675676,16,28,10.714285714285714,252.95454545454547,49.21212121212121,53.984848484848484,132,66.0,,-7.488970588235304,HISPANIA,-75.906587,5.799461,46.482412060301506,20.100502512562816,65.57377049180329,10.525600977862283
05360,ITAGUI,263332,18901,43173,49.52864058555115,10.118025914055261,17,41.17647058823529,48,0,,257.03501518731014,51.16613229834627,54.90237934525818,11852,1975.3333333333333,10.305212133461424,-9.10827929323088,ITAGUI,-75.612056,6.175079,0.39376462140689783,1.1118059898547703,0.0,-8.352169997315862
05361,ITUANGO,23784,2168,4306,40.664189503019045,72.04423141607803,1,100.0,4,228,40.78947368421053,206.08286252354048,41.32015065913371,44.31638418079096,1062,531.0,,-2.1386924787591965,ITUANGO,-75.764673,7.171629,0.23223409196470043,0.9289363678588017,105.16605166051662,59.335810496980955
05364,JARDIN,13541,1099,2152,46.14312267657992,47.22694040321985,95,60.0,59,68,13.23529411764706,250.4306049822064,50.83985765124555,53.430604982206404,562,281.0,,-10.004315158899402,JARDIN,-75.818982,5.597542,44.14498141263941,27.416356877323423,61.874431301182895,13.856877323420079
05368,JERICO,11257,892,1656,50.48309178743962,37.78981966776228,2,50.0,4,47,4.25531914893617,246.34069400630915,50.22397476340694,52.77917981072555,634,317.0,,-3.528732394366216,JERICO,-75.785499,5.789748,1.2077294685990339,2.4154589371980677,52.690582959641254,-0.4830917874396192
05376,LA CEJA,59386,4829,10244,49.160484185864895,12.91718586872327,339,59.29203539823009,248,33,0.0,265.5110477548111,54.988952245188884,55.451532430506056,2806,561.2,-16.706460449216024,-1.1500721456104657,LA CEJA,-75.429433,6.028062,33.09254197579071,24.209293244826238,6.83371298405467,10.131551212365196
05380,LA ESTRELLA,67881,5005,11158,48.96038716615881,14.24257155905187,2,100.0,2,31,6.451612903225806,276.6694190504276,56.01533470952521,58.24417575936302,3391,484.42857142857144,55.8566982467963,-10.546725174032929,LA ESTRELLA,-75.637708,6.145238,0.1792435920415845,0.1792435920415845,6.193806193806194,51.03961283384119
05390,LA PINTADA,7974,739,1542,47.85992217898833,11.512415349887133,2,50.0,3,79,2.5316455696202533,229.94630872483222,47.12080536912752,49.033557046979865,298,149.0,,-1.0989545782263974,LA PINTADA,-75.60781,5.743808,1.297016861219196,1.9455252918287937,106.90121786197564,2.1400778210116727
05400,LA UNION,20769,1902,3832,49.34759916492693,39.539698589243585,132,53.78787878787878,61,60,35.0,249.34034416826003,52.23900573613767,52.4321223709369,1046,523.0,35.36949648711945,-15.518027634465994,LA UNION,-75.360874,5.973845,34.44676409185804,15.918580375782883,31.545741324921135,4.440279622951849
05411,LIBORINA,7928,701,1249,46.75740592473979,72.12411705348133,9,88.88888888888889,9,118,12.711864406779661,214.35666666666665,43.11,46.693333333333335,600,300.0,,0.4246094277609984,LIBORINA,-75.812838,6.677316,7.205764611689352,7.205764611689352,168.33095577746076,42.13148296414909
05425,MACEO,7297,609,1142,47.8984238178634,59.28463752226942,8,87.5,6,95,4.2105263157894735,230.4247311827957,47.545698924731184,49.18279569892473,372,124.0,,-11.625471698113216,MACEO,-74.78716,6.552116,7.005253940455342,5.253940455341506,155.99343185550083,39.6015761821366
05440,MARINILLA,55230,4755,10076,49.82135768161969,26.080028969762807,173,65.89595375722543,42,44,20.454545454545457,258.49545454545455,52.94675324675325,54.69805194805195,3080,1540.0,22.241179138321996,-16.634203414855477,MARINILLA,-75.339345,6.173995,17.169511710996428,4.168320762207225,9.253417455310199,16.07459607560574
05467,MONTEBELLO,5881,490,848,46.4622641509434,71.96055092671314,2,100.0,4,21,33.33333333333333,226.74193548387098,46.25806451612903,48.038709677419355,310,155.0,,-8.99983344437041,MONTEBELLO,-75.523455,5.946313,2.3584905660377355,4.716981132075471,42.857142857142854,53.5377358490566
05475,MURINDO,4642,513,896,47.544642857142854,66.28608358466178,1,0.0,1,75,18.666666666666668,187.22222222222223,35.2962962962963,40.925925925925924,54,27.0,,-11.40789473684211,MURINDO,-76.817485,6.97771,1.1160714285714286,1.1160714285714286,146.19883040935673,-47.544642857142854
05480,MUTATA,12607,1366,2429,48.45615479621243,60.67264218291425,23,65.21739130434783,13,142,53.52112676056338,211.2173913043478,42.494202898550725,46.142028985507245,690,230.0,,1.3953121577218042,MUTATA,-76.435875,7.242875,9.468917249897077,5.351996706463565,103.95314787701318,16.761236508135397
05483,NARINO,8603,887,1452,48.89807162534435,68.09252586307102,16,68.75,16,89,64.04494382022472,218.98285714285714,43.885714285714286,46.84,350,175.0,,-7.037621359223294,NARINO,-75.176262,5.610777,11.019283746556475,11.019283746556475,100.33821871476889,19.85192837465565
05490,NECOCLI,38420,4324,7396,49.58085451595457,74.1124414367517,118,55.08474576271186,123,205,54.146341463414636,205.01443569553805,41.17060367454068,44.62007874015748,3048,1524.0,,-4.188430808565016,NECOCLI,-76.787271,8.434526,15.954570037858302,16.63061114115738,47.40980573543016,5.503891246757291
05495,NECHI,24066,2494,4355,48.33524684270953,45.96110695587136,24,70.83333333333334,35,274,27.73722627737226,207.9762202753442,41.73967459324155,45.51439299123905,799,266.3333333333333,-33.67165991902834,-17.881924238645496,NECHI,-74.77647,8.094129,5.510907003444316,8.036739380022961,109.86367281475542,22.498086490623812
05501,OLAYA,2719,234,421,46.55581947743468,93.19602795145275,6,83.33333333333334,4,0,,238.71212121212122,48.86363636363637,52.196969696969695,132,66.0,,3.0969245107175993,OLAYA,-75.811773,6.626492,14.251781472684087,9.501187648456057,0.0,36.77751385589866
05541,PENOL,18010,1490,2976,50.201612903225815,38.895058300943916,38,52.63157894736842,19,73,12.32876712328767,239.43259557344064,49.57142857142857,50.19718309859155,994,497.0,,-14.988496732026135,PENOL,-75.242693,6.219349,12.768817204301076,6.384408602150538,48.993288590604024,2.4299660441426028
05543,PEQUE,7155,770,1376,43.82267441860465,70.73375262054508,2,0.0,2,122,51.63934426229508,217.04242424242423,43.25454545454546,47.654545454545456,330,165.0,,-4.205427531837472,PEQUE,-75.910357,7.021029,1.4534883720930232,1.4534883720930232,158.44155844155844,-43.82267441860465
05576,PUEBLORRICO,7202,675,1191,48.698572628043664,47.13968342127187,8,75.0,3,33,0.0,228.01951219512196,45.082926829268295,48.72195121951219,410,205.0,,-8.811606632361332,PUEBLORRICO,-75.839903,5.79158,6.717044500419815,2.5188916876574305,48.88888888888889,26.301427371956336
05579,PUERTO BERRIO,36801,3314,6460,47.05882352941176,14.564821608108474,268,62.31343283582089,224,142,6.338028169014084,217.3562091503268,43.98257080610022,47.4041394335512,1836,918.0,84.81519489479132,-10.945627413127426,PUERTO BERRIO,-74.410016,6.487028,41.48606811145511,34.6749226006192,42.84852142426071,15.25460930640913
05585,PUERTO NARE,12161,1055,1807,47.98007747648035,67.97960694021873,10,60.0,8,330,12.121212121212121,219.93248945147678,44.78481012658228,47.244725738396625,474,237.0,,-11.712718985899443,PUERTO NARE,-74.583012,6.186025,5.534034311012728,4.427227448810182,312.7962085308057,12.019922523519647
05591,PUERTO TRIUNFO,17231,1522,3271,43.90094772240905,83.12344031106727,3,33.33333333333333,2,82,8.536585365853659,244.4962962962963,50.55925925925926,51.65555555555556,540,270.0,,-4.807958965109066,PUERTO TRIUNFO,-74.64119,5.871318,0.9171507184347294,0.6114338122898196,53.87647831800263,-10.567614389075722
05604,REMEDIOS,22530,2248,4245,49.42285041224971,50.6347092765202,72,76.38888888888889,41,277,18.772563176895307,208.01015965166908,41.943396226415096,46.16400580551524,1378,689.0,-26.047965116279073,-8.356972817361452,REMEDIOS,-74.698135,7.029424,16.96113074204947,9.65842167255595,123.22064056939503,26.966038476639177
05607,RETIRO,20700,1493,3107,48.59993562922433,41.09661835748793,54,57.407407407407405,18,27,22.22222222222222,281.7111650485437,57.8373786407767,57.89563106796116,1236,176.57142857142858,85.70794301327086,-25.06086499699802,RETIRO,-75.501301,6.062454,17.380109430318637,5.793369810106212,18.08439383791025,8.807471778183071
05615,RIONEGRO,116400,9266,19931,47.54402689278009,33.45103092783505,498,58.43373493975904,618,0,,258.4699438202247,52.71544943820225,54.46432584269663,7120,3560.0,34.98856199772604,-6.929330948121674,RIONEGRO,-75.377316,6.147148,24.986202398274045,31.006974060508753,0.0,10.889708046978953
05628,SABANALARGA,7833,801,1507,47.64432647644327,63.29631048129708,4,50.0,6,90,30.0,219.93129770992365,44.717557251908396,46.87022900763359,262,131.0,,2.219285714285718,SABANALARGA,-75.816645,6.850028,2.6542800265428004,3.981420039814201,112.35955056179775,2.3556735235567317
05631,SABANETA,81797,4854,11593,50.797895281635476,14.290255143831681,3,66.66666666666666,1,0,,276.6207906295754,55.383308931185944,58.22371888726208,3415,487.85714285714283,41.382476627566746,-15.775018124081726,SABANETA,-75.615479,6.149903,0.2587768480979902,0.08625894936599672,0.0,15.868771385031181
05642,SALGAR,15782,1454,2714,49.6683861459101,62.85641870485363,8,37.5,6,140,17.142857142857142,232.34101382488478,46.894009216589865,51.23041474654378,434,217.0,,-14.627225319187204,SALGAR,-75.976807,5.964198,2.9476787030213707,2.210759027266028,96.28610729023383,-12.168386145910098
05647,SAN ANDRES DE CUERQUIA,6295,638,1198,48.330550918197,57.41064336775218,0,,2,180,26.666666666666668,227.0,45.8705035971223,48.906474820143885,278,139.0,,2.677506213753105,SAN ANDRES DE CUERQUIA,-75.674564,6.916676,0.0,1.669449081803005,282.13166144200625,
05649,SAN CARLOS,14480,1292,2366,46.66103127641589,51.26381215469613,7,57.14285714285714,14,124,54.83870967741935,230.19700748129677,46.942643391521194,49.80049875311721,802,401.0,,0.35909090909089514,SAN CARLOS,-74.988097,6.187746,2.9585798816568047,5.9171597633136095,95.97523219814241,10.481825866441248
05652,SAN FRANCISCO,5365,474,869,49.712313003452245,54.613233923578754,4,25.0,4,61,65.57377049180327,237.32911392405063,48.67088607594937,49.607594936708864,158,79.0,,7.868279569892451,SAN FRANCISCO,-75.101562,5.963476,4.602991944764097,4.602991944764097,128.69198312236287,-24.712313003452245
05656,SAN JERONIMO,13158,1153,2273,48.92212934447866,50.53959568323454,21,57.14285714285714,6,0,,230.56598240469208,46.29032258064516,49.75366568914956,682,341.0,,3.9532901833872813,SAN JERONIMO,-75.726975,6.44809,9.238891333040035,2.6396832380114383,0.0,8.220727798378476
05658,SAN JOSE DE LA MONTANA,2952,321,587,49.40374787052811,28.387533875338754,3,66.66666666666666,7,114,7.894736842105263,221.10714285714286,44.785714285714285,47.916666666666664,168,84.0,,-18.292943692088386,SAN JOSE DE LA MONTANA,-75.683352,6.85009,5.110732538330494,11.92504258943782,355.14018691588785,17.26291879613855
05659,SAN JUAN DE URABA,19992,2279,3821,48.75686992933787,66.86674669867946,32,56.25,40,152,28.947368421052634,212.77480916030535,42.63931297709924,46.62977099236641,1048,524.0,,-5.665428824049513,SAN JUAN DE URABA,-76.52857,8.758964,8.374771002355404,10.468463752944254,66.69591926283458,7.493130070662133
05660,SAN LUIS,11120,1045,1918,49.113660062565174,40.33273381294964,7,85.71428571428571,5,89,76.40449438202246,237.77243589743588,49.08974358974359,50.67948717948718,624,312.0,,-5.734497637148138,SAN LUIS,-74.993619,6.043017,3.6496350364963503,2.6068821689259645,85.16746411483253,36.600625651720534
05664,SAN PEDRO DE LOS MILAGROS,17119,1570,3180,50.59748427672957,38.203166072784626,1,100.0,3,125,6.4,245.07814407814408,49.998778998778995,52.614163614163616,1638,819.0,-37.02452000925285,-5.438873929008565,SAN PEDRO DE LOS MILAGROS,-75.556743,6.46012,0.31446540880503143,0.9433962264150944,79.61783439490445,49.40251572327043
05665,SAN PEDRO DE URABA,30527,3321,5792,44.9585635359116,59.137812428342116,74,58.108108108108105,78,185,45.94594594594595,220.27348394768134,44.98810939357907,47.29250891795481,1682,841.0,,-2.56777004470095,SAN PEDRO DE URABA,-76.380567,8.276884,12.776243093922652,13.466850828729282,55.70611261668172,13.149544572196504
05667,SAN RAFAEL,12578,1121,2097,48.73628993800668,42.52663380505645,9,77.77777777777779,6,232,63.793103448275865,238.10652920962198,48.61168384879725,50.74226804123711,582,291.0,,-16.116982922201146,SAN RAFAEL,-75.02849,6.293759,4.291845493562231,2.8612303290414878,206.95807314897414,29.041487839771108
05670,SAN ROQUE,17792,1617,2978,47.4479516453996,65.38331834532374,3,33.33333333333333,3,179,30.16759776536313,222.61511423550087,45.618629173989454,47.99472759226713,1138,569.0,,-10.374799196787166,SAN ROQUE,-75.019109,6.485939,1.0073875083948958,1.0073875083948958,110.69882498453927,-14.11461831206627
05674,SAN VICENTE FERRER,18051,1577,3158,46.20012666244458,70.55564788654368,35,62.857142857142854,24,41,9.75609756097561,243.03899082568807,49.74082568807339,51.46788990825688,872,436.0,,-8.561013793687067,SAN VICENTE FERRER,-75.332616,6.282164,11.082963901203295,7.599746675110829,25.99873176918199,16.657016194698272
05679,SANTA BARBARA,22030,1832,3384,47.6063829787234,52.95506128007263,1,100.0,3,69,1.4492753623188406,240.45720250521921,49.079331941544886,51.53027139874739,958,479.0,,-15.389092303936934,SANTA BARBARA,-75.567351,5.875527,0.29550827423167847,0.8865248226950354,37.66375545851528,52.3936170212766
05686,SANTA ROSA DE OSOS,31067,3026,5916,48.394185260311026,45.46946921170374,26,50.0,29,188,7.446808510638298,256.1320293398533,52.251344743276285,54.51784841075795,2045,681.6666666666666,50.3926643888893,-5.244467455621276,SANTA ROSA DE OSOS,-75.460723,6.643366,4.394861392832995,4.901960784313726,62.12822207534699,1.6058147396889737
05690,SANTO DOMINGO,9786,825,1597,45.71070757670632,73.18618434498264,1,100.0,2,276,13.043478260869565,231.1017369727047,47.20099255583126,49.7468982630273,806,403.0,,-9.703922663148262,SANTO DOMINGO,-75.164903,6.473032,0.6261740763932373,1.2523481527864746,334.54545454545456,54.28929242329368
05697,EL SANTUARIO,30311,2676,5325,51.417840375586856,23.268780310778265,54,68.51851851851852,29,26,7.6923076923076925,239.10005130836328,48.754232939969214,51.44843509492047,1949,389.8,4.915431958057894,-3.83391187844461,EL SANTUARIO,-75.265465,6.136871,10.140845070422534,5.446009389671361,9.715994020926756,17.100678142931663
05736,SEGOVIA,33690,3384,6671,48.68835257082896,18.106262986049273,185,67.56756756756756,130,268,15.298507462686567,213.33663366336634,42.271039603960396,47.051980198019805,1616,808.0,-15.326315789473682,-10.96080306566708,SEGOVIA,-74.701596,7.079648,27.731974216759106,19.487333233398292,79.19621749408984,18.879214996738604
05756,SONSON,31861,3031,5564,47.951114306254496,49.83522174445247,97,56.70103092783505,85,179,27.37430167597765,234.3393135725429,48.18408736349454,49.840873634945396,1282,427.3333333333333,,-3.847005400098169,SONSON,-75.309596,5.714851,17.43350107836089,15.276779295470885,59.05641702408446,8.749916621580553
05761,SOPETRAN,13748,1115,2222,49.41494149414942,53.01862089031132,31,64.51612903225806,14,103,7.766990291262135,220.45811518324606,45.07068062827225,47.54973821989529,764,382.0,-6.492105263157896,-2.025033905967433,SOPETRAN,-75.747378,6.500745,13.95139513951395,6.300630063006301,92.37668161434978,15.101187538108647
05789,TAMESIS,15012,1255,2262,49.823165340406725,54.016786570743406,1,100.0,2,98,1.0204081632653061,231.08212560386474,46.11835748792271,49.57487922705314,828,414.0,,-4.571408447397459,TAMESIS,-75.714429,5.664645,0.44208664898320066,0.8841732979664013,78.08764940239044,50.176834659593275
05790,TARAZA,22826,2399,4138,49.855002416626384,44.77788486813283,21,66.66666666666666,31,181,30.939226519337016,216.00151975683892,43.44528875379939,47.00759878419453,1316,658.0,,-14.332064297800343,TARAZA,-75.401407,7.580127,5.074915418076365,7.49154180763654,75.44810337640683,16.811664250040273
05792,TARSO,5663,563,1052,50.475285171102655,42.874801342044854,2,50.0,3,68,1.4705882352941175,236.79090909090908,48.96363636363636,50.054545454545455,220,110.0,,-8.74333333333334,TARSO,-75.822956,5.864542,1.9011406844106464,2.8517110266159698,120.78152753108348,-0.4752851711026551
05809,TITIRIBI,8316,677,1246,49.19743178170145,51.26262626262626,0,,0,25,0.0,233.22935779816513,47.06422018348624,50.87155963302752,218,109.0,,-3.7714996446339626,TITIRIBI,-75.791887,6.062391,0.0,0.0,36.92762186115214,
05819,TOLEDO,4930,450,826,45.64164648910412,65.51724137931035,1,0.0,1,125,53.6,218.3975903614458,43.674698795180724,47.493975903614455,166,83.0,,1.6711366538952745,TOLEDO,-75.692281,7.010328,1.2106537530266344,1.2106537530266344,277.77777777777777,-45.64164648910412
05837,TURBO,114434,12730,23218,50.55560341114652,60.087910935561105,899,61.179087875417125,638,0,,210.87226066897347,42.34227220299885,46.32670126874279,6936,3468.0,38.562344282193436,-1.5211803617382031,TURBO,-76.728858,8.089929,38.7199586527694,27.478680334223444,0.0,10.623484464270604
05842,URAMITA,6523,637,1149,47.693646649260224,69.61520772650621,0,,0,50,26.0,220.96969696969697,44.18939393939394,48.06818181818182,264,132.0,,-3.665964912280714,URAMITA,-76.173284,6.898393,0.0,0.0,78.49293563579278,
05847,URRAO,29004,2904,5296,48.99924471299094,46.22121086746655,4,75.0,5,182,60.98901098901099,223.2607099143207,45.260709914320685,48.33047735618115,1634,817.0,,-1.5539736164736269,URRAO,-76.133951,6.317343,0.7552870090634441,0.9441087613293052,62.67217630853994,26.000755287009063
05854,VALDIVIA,11511,1233,2243,47.52563530985287,72.21787855095127,8,62.5,9,232,35.3448275862069,227.9375,46.18181818181818,49.44886363636363,352,176.0,,-14.923660061178367,VALDIVIA,-75.439274,7.1652,3.5666518056174765,4.012483281319661,188.15896188158962,14.974364690147127
05856,VALPARAISO,5431,441,830,48.433734939759034,40.87645000920641,1,100.0,0,95,5.263157894736842,235.14414414414415,48.288288288288285,50.306306306306304,222,111.0,,-4.215093085106389,VALPARAISO,-75.624452,5.614555,1.2048192771084338,0.0,215.41950113378687,51.566265060240966
05858,VEGACHI,11134,1094,2041,49.19157275845174,32.00107777977367,4,100.0,8,127,13.385826771653544,215.5436408977556,43.49376558603491,47.14962593516209,802,401.0,,-7.028376664552951,VEGACHI,-74.798714,6.773525,1.9598236158745712,3.9196472317491424,116.08775137111517,50.80842724154826
05861,VENECIA,10280,854,1550,46.96774193548387,53.540856031128406,3,66.66666666666666,5,49,8.16326530612245,223.10384615384615,44.85,48.19230769230769,520,260.0,-36.53650793650792,-7.66973886328725,VENECIA,-75.735544,5.964693,1.935483870967742,3.225806451612903,57.37704918032787,19.698924731182785
05873,VIGIA DEL FUERTE,8139,988,1660,47.28915662650602,61.99778842609657,3,66.66666666666666,6,246,21.544715447154474,190.42410714285714,38.53125,40.495535714285715,448,224.0,,5.2862583049748935,VIGIA DEL FUERTE,-76.896004,6.588164,1.8072289156626506,3.6144578313253013,248.98785425101212,19.377510040160637
05885,YALI,6234,585,1042,49.04030710172745,51.106833493743984,1,100.0,3,100,8.0,210.64596273291926,43.04968944099379,46.391304347826086,322,161.0,,5.624446552814675,YALI,-74.840059,6.676554,0.9596928982725528,2.8790786948176583,170.94017094017093,50.95969289827255
05887,YARUMAL,36337,3585,6786,49.02740937223696,26.29275944629441,225,63.55555555555556,209,105,3.8095238095238098,244.6244541484716,50.13973799126637,52.429694323144105,2290,1145.0,4.210569966193788,-12.33795236273076,YARUMAL,-75.418828,6.963832,33.15649867374005,30.798703212496317,29.288702928870293,14.528146183318597
05890,YOLOMBO,19010,1785,3134,48.500319081046584,67.51709626512363,12,91.66666666666666,19,195,10.256410256410255,211.2716049382716,43.151675485008816,46.11287477954145,1134,567.0,,-6.371644143562179,YOLOMBO,-75.013385,6.594511,3.8289725590299937,6.062539885130823,109.24369747899159,43.16634758562007
05893,YONDO,17597,1655,3005,49.08485856905158,45.92828323009604,0,,1,172,23.25581395348837,227.90140845070422,47.50352112676056,48.55281690140845,568,284.0,,-14.601626016260184,YONDO,-73.912445,7.00396,0.0,0.33277870216306155,103.92749244712991,
05895,ZARAGOZA,24067,2520,4483,50.568815525317866,53.899530477417215,27,51.85185185185185,39,144,10.416666666666668,200.98447606727038,40.46830530401035,43.70116429495472,1546,773.0,46.20821661998133,-8.419964763918244,ZARAGOZA,-74.867075,7.488583,6.022752621012715,8.699531563685033,57.14285714285714,1.2830363265339813
