COD_DANE,NOMBRE_MUNI,TIPOLOGIA,CLUSTER,INDICE_BRECHA,POB_15_19,PCT_RURAL,TASA_MATRIC_VIVE,TASA_BENEF,PROM_GLOBAL_SABER,BRECHA_GENERO_MATRIC
05093,BETULIA,C2 · alta % rural y baja Saber 11 global,1,86.1,1586,72.2395177849904,1.4250089063056643,37.20050441361917,210.02540415704388,27.01282508015675
05475,MURINDO,C2 · alta % rural y baja Saber 11 global,1,85.2,513,66.28608358466178,1.1160714285714286,146.19883040935673,187.22222222222223,-47.544642857142854
05361,ITUANGO,C2 · alta % rural y baja Saber 11 global,1,84.4,2168,72.04423141607803,0.23223409196470043,105.16605166051662,206.08286252354048,59.335810496980955
05038,ANGOSTURA,C2 · alta % rural y baja Saber 11 global,1,84.3,1098,77.43809523809524,8.044243338360985,52.82331511839708,207.08680555555554,2.740070387129215
05125,CAICEDO,C2 · alta % rural y baja Saber 11 global,1,83.8,707,78.48389854659446,0.0,104.66760961810468,215.8403361344538,
05842,URAMITA,C2 · alta % rural y baja Saber 11 global,1,81.3,637,69.61520772650621,0.0,78.49293563579278,220.96969696969697,
05467,MONTEBELLO,C2 · alta % rural y baja Saber 11 global,1,81.1,490,71.96055092671314,2.3584905660377355,42.857142857142854,226.74193548387098,53.5377358490566
05044,ANZA,C2 · alta % rural y baja Saber 11 global,1,81.0,681,81.5278647463995,2.506265664160401,117.47430249632893,223.2791519434629,19.214703425229736
05036,ANGELOPOLIS,C2 · alta % rural y baja Saber 11 global,1,80.6,465,60.69226178635368,0.0,92.47311827956989,211.46923076923076,
05490,NECOCLI,C2 · alta % rural y baja Saber 11 global,1,80.3,4324,74.1124414367517,15.954570037858302,47.40980573543016,205.01443569553805,5.503891246757291
05895,ZARAGOZA,C2 · alta % rural y baja Saber 11 global,1,80.2,2520,53.899530477417215,6.022752621012715,57.14285714285714,200.98447606727038,1.2830363265339813
05501,OLAYA,C2 · alta % rural y baja Saber 11 global,1,80.1,234,93.19602795145275,14.251781472684087,0.0,238.71212121212122,36.77751385589866
05234,DABEIBA,C2 · alta % rural y baja Saber 11 global,1,80.0,2318,60.923537438922395,4.507710557532621,64.71095772217429,210.88201160541587,23.69607292251981
05890,YOLOMBO,C2 · alta % rural y baja Saber 11 global,1,79.9,1785,67.51709626512363,3.8289725590299937,109.24369747899159,211.2716049382716,43.16634758562007
05591,PUERTO TRIUNFO,C2 · alta % rural y baja Saber 11 global,1,79.8,1522,83.12344031106727,0.9171507184347294,53.87647831800263,244.4962962962963,-10.567614389075722
05051,ARBOLETES,C2 · alta % rural y baja Saber 11 global,1,79.3,2816,63.39533645250866,6.4047822374039285,60.01420454545455,213.6445846477392,12.220324508966698
05282,FREDONIA,C2 · alta % rural y baja Saber 11 global,1,79.3,1475,58.83448642895157,0.3598416696653472,14.915254237288137,228.4691629955947,52.069089600575744
05138,CANASGORDAS,C2 · alta % rural y baja Saber 11 global,1,79.2,1307,64.95034939315924,2.0885547201336676,88.75286916602907,218.38202247191012,10.459482038429407
05659,SAN JUAN DE URABA,C2 · alta % rural y baja Saber 11 global,1,79.1,2279,66.86674669867946,8.374771002355404,66.69591926283458,212.77480916030535,7.493130070662133
05120,CACERES,C2 · alta % rural y baja Saber 11 global,1,78.7,2940,80.1058201058201,17.365853658536587,51.02040816326531,214.5730427764326,9.943984653329679
05543,PEQUE,C2 · alta % rural y baja Saber 11 global,1,78.2,770,70.73375262054508,1.4534883720930232,158.44155844155844,217.04242424242423,-43.82267441860465
05209,CONCORDIA,C2 · alta % rural y baja Saber 11 global,1,78.2,1556,57.72600186393289,1.7869907076483202,79.69151670951156,216.99287410926365,10.07147962830593
05240,EBEJICO,C2 · alta % rural y baja Saber 11 global,1,78.2,856,82.25962468562584,0.0,195.09345794392524,225.57201646090536,
05873,VIGIA DEL FUERTE,C2 · alta % rural y baja Saber 11 global,1,78.1,988,61.99778842609657,1.8072289156626506,248.98785425101212,190.42410714285714,19.377510040160637
05670,SAN ROQUE,C2 · alta % rural y baja Saber 11 global,1,77.8,1617,65.38331834532374,1.0073875083948958,110.69882498453927,222.61511423550087,-14.11461831206627
05628,SABANALARGA,C2 · alta % rural y baja Saber 11 global,1,77.0,801,63.29631048129708,2.6542800265428004,112.35955056179775,219.93129770992365,2.3556735235567317
05861,VENECIA,C2 · alta % rural y baja Saber 11 global,1,76.5,854,53.540856031128406,1.935483870967742,57.37704918032787,223.10384615384615,19.698924731182785
05079,BARBOSA,C1 · alta Saber 11 global y baja % rural,0,76.3,3742,51.78631275554662,0.13217023526301877,5.077498663816141,235.33273381294964,-48.784033835580225
05411,LIBORINA,C2 · alta % rural y baja Saber 11 global,1,76.0,701,72.12411705348133,7.205764611689352,168.33095577746076,214.35666666666665,42.13148296414909
05059,ARMENIA,C2 · alta % rural y baja Saber 11 global,1,75.9,301,64.41476826394344,0.0,0.0,251.65822784810126,
05480,MUTATA,C2 · alta % rural y baja Saber 11 global,1,75.6,1366,60.67264218291425,9.468917249897077,103.95314787701318,211.2173913043478,16.761236508135397
05145,CARAMANTA,C2 · alta % rural y baja Saber 11 global,1,75.4,334,54.41555399390958,0.0,74.8502994011976,228.76923076923077,
05004,ABRIAQUI,C2 · alta % rural y baja Saber 11 global,1,75.2,212,67.20704029643353,0.0,117.9245283018868,235.38636363636363,
05809,TITIRIBI,C2 · alta % rural y baja Saber 11 global,1,75.2,677,51.26262626262626,0.0,36.92762186115214,233.22935779816513,
05284,FRONTINO,C2 · alta % rural y baja Saber 11 global,1,75.1,1999,59.87795197459813,0.550357732526142,62.531265632816414,237.0185185185185,2.146395156851952
05483,NARINO,C2 · alta % rural y baja Saber 11 global,1,75.0,887,68.09252586307102,11.019283746556475,100.33821871476889,218.98285714285714,19.85192837465565
05086,BELMIRA,C2 · alta % rural y baja Saber 11 global,1,74.9,587,70.05047672462142,0.0,209.54003407155025,222.57068062827224,
05847,URRAO,C2 · alta % rural y baja Saber 11 global,1,74.8,2904,46.22121086746655,0.7552870090634441,62.67217630853994,223.2607099143207,26.000755287009063
05113,BURITICA,C2 · alta % rural y baja Saber 11 global,1,74.7,749,72.46591982723714,7.027406886858748,172.22963951935915,219.25595238095238,2.705551651440615
05030,AMAGA,C2 · alta % rural y baja Saber 11 global,1,74.7,2290,51.41120763580776,0.4337453914552158,53.275109170305676,231.30993150684932,51.89763608761657
05642,SALGAR,C2 · alta % rural y baja Saber 11 global,1,74.4,1454,62.85641870485363,2.9476787030213707,96.28610729023383,232.34101382488478,-12.168386145910098
05789,TAMESIS,C2 · alta % rural y baja Saber 11 global,1,74.3,1255,54.016786570743406,0.44208664898320066,78.08764940239044,231.08212560386474,50.176834659593275
05885,YALI,C2 · alta % rural y baja Saber 11 global,1,74.1,585,51.106833493743984,0.9596928982725528,170.94017094017093,210.64596273291926,50.95969289827255
05040,ANORI,C2 · alta % rural y baja Saber 11 global,1,74.0,1485,51.420493725003446,2.4813895781637716,238.3838383838384,195.55882352941177,22.97057780928749
05495,NECHI,C2 · alta % rural y baja Saber 11 global,1,74.0,2494,45.96110695587136,5.510907003444316,109.86367281475542,207.9762202753442,22.498086490623812
05679,SANTA BARBARA,C2 · alta % rural y baja Saber 11 global,1,73.7,1832,52.95506128007263,0.29550827423167847,37.66375545851528,240.45720250521921,52.3936170212766
05665,SAN PEDRO DE URABA,C2 · alta % rural y baja Saber 11 global,1,73.5,3321,59.137812428342116,12.776243093922652,55.70611261668172,220.27348394768134,13.149544572196504
05790,TARAZA,C2 · alta % rural y baja Saber 11 global,1,73.5,2399,44.77788486813283,5.074915418076365,75.44810337640683,216.00151975683892,16.811664250040273
05854,VALDIVIA,C2 · alta % rural y baja Saber 11 global,1,73.4,1233,72.21787855095127,3.5666518056174765,188.15896188158962,227.9375,14.974364690147127
05674,SAN VICENTE FERRER,C2 · alta % rural y baja Saber 11 global,1,73.1,1577,70.55564788654368,11.082963901203295,25.99873176918199,243.03899082568807,16.657016194698272
05656,SAN JERONIMO,C2 · alta % rural y baja Saber 11 global,1,72.9,1153,50.53959568323454,9.238891333040035,0.0,230.56598240469208,8.220727798378476
05107,BRICENO,C2 · alta % rural y baja Saber 11 global,1,72.3,599,58.69492095526404,1.8018018018018018,175.29215358931552,223.2921348314607,1.7117117117117076
05893,YONDO,C2 · alta % rural y baja Saber 11 global,1,71.9,1655,45.92828323009604,0.0,103.92749244712991,227.90140845070422,
05250,EL BAGRE,C2 · alta % rural y baja Saber 11 global,1,71.8,5185,37.89513454514924,5.380476556495004,68.08100289296046,216.01186943620178,16.168096754458894
05649,SAN CARLOS,C2 · alta % rural y baja Saber 11 global,1,71.7,1292,51.26381215469613,2.9585798816568047,95.97523219814241,230.19700748129677,10.481825866441248
05576,PUEBLORRICO,C2 · alta % rural y baja Saber 11 global,1,71.6,675,47.13968342127187,6.717044500419815,48.88888888888889,228.01951219512196,26.301427371956336
05819,TOLEDO,C2 · alta % rural y baja Saber 11 global,1,70.9,450,65.51724137931035,1.2106537530266344,277.77777777777777,218.3975903614458,-45.64164648910412
05347,HELICONIA,C2 · alta % rural y baja Saber 11 global,1,70.3,369,55.82926311318751,0.0,203.2520325203252,226.6043956043956,
05313,GRANADA,C1 · alta Saber 11 global y baja % rural,0,69.9,822,41.97088222511952,5.235602094240838,0.0,241.12328767123287,-12.696335078534027
05858,VEGACHI,C2 · alta % rural y baja Saber 11 global,1,69.7,1094,32.00107777977367,1.9598236158745712,116.08775137111517,215.5436408977556,50.80842724154826
05761,SOPETRAN,C2 · alta % rural y baja Saber 11 global,1,69.5,1115,53.01862089031132,13.95139513951395,92.37668161434978,220.45811518324606,15.101187538108647
05197,COCORNA,C2 · alta % rural y baja Saber 11 global,1,69.4,1316,59.53333785525334,4.9281314168377826,86.62613981762918,246.56134969325154,8.066392881587959
05091,BETANIA,C2 · alta % rural y baja Saber 11 global,1,69.2,869,60.4144836418675,17.385705086928525,66.74338319907939,227.97972972972974,18.244258424554616
05055,ARGELIA,C2 · alta % rural y baja Saber 11 global,1,69.2,707,55.687203791469194,12.510425354462052,135.78500707213578,219.03378378378378,13.878231859883236
05425,MACEO,C2 · alta % rural y baja Saber 11 global,1,69.1,609,59.28463752226942,7.005253940455342,155.99343185550083,230.4247311827957,39.6015761821366
05604,REMEDIOS,C2 · alta % rural y baja Saber 11 global,1,69.1,2248,50.6347092765202,16.96113074204947,123.22064056939503,208.01015965166908,26.966038476639177
05021,ALEJANDRIA,C2 · alta % rural y baja Saber 11 global,1,69.0,322,42.30268299036207,3.4188034188034186,102.48447204968944,229.2469135802469,3.6752136752136764
05308,GIRARDOTA,C1 · alta Saber 11 global y baja % rural,0,69.0,3917,42.57722499745132,0.2410800385728062,5.105948429920858,253.7295008912656,0.662970106075214
05652,SAN FRANCISCO,C2 · alta % rural y baja Saber 11 global,1,68.5,474,54.613233923578754,4.602991944764097,128.69198312236287,237.32911392405063,-24.712313003452245
05134,CAMPAMENTO,C2 · alta % rural y baja Saber 11 global,1,68.3,818,68.27233584499461,14.603616133518775,174.8166259168704,225.2012195121951,10.272203457182592
05002,ABEJORRAL,C2 · alta % rural y baja Saber 11 global,1,68.3,1606,60.46934484913915,9.866102889358704,73.47447073474471,244.70080862533692,22.43783348434512
05690,SANTO DOMINGO,C2 · alta % rural y baja Saber 11 global,1,67.4,825,73.18618434498264,0.6261740763932373,334.54545454545456,231.1017369727047,54.28929242329368
05585,PUERTO NARE,C2 · alta % rural y baja Saber 11 global,1,67.4,1055,67.97960694021873,5.534034311012728,312.7962085308057,219.93248945147678,12.019922523519647
05792,TARSO,C2 · alta % rural y baja Saber 11 global,1,67.1,563,42.874801342044854,1.9011406844106464,120.78152753108348,236.79090909090908,-0.4752851711026551
05660,SAN LUIS,C2 · alta % rural y baja Saber 11 global,1,67.0,1045,40.33273381294964,3.6496350364963503,85.16746411483253,237.77243589743588,36.600625651720534
05306,GIRALDO,C2 · alta % rural y baja Saber 11 global,1,67.0,473,63.37749653945026,16.073478760045923,188.16067653276954,219.74468085106383,22.289650647859602
05647,SAN ANDRES DE CUERQUIA,C2 · alta % rural y baja Saber 11 global,1,66.9,638,57.41064336775218,0.0,282.13166144200625,227.0,
05368,JERICO,C1 · alta Saber 11 global y baja % rural,0,66.9,892,37.78981966776228,1.2077294685990339,52.690582959641254,246.34069400630915,-0.4830917874396192
05664,SAN PEDRO DE LOS MILAGROS,C2 · alta % rural y baja Saber 11 global,1,66.5,1570,38.203166072784626,0.31446540880503143,79.61783439490445,245.07814407814408,49.40251572327043
05837,TURBO,C3 · alta matrícula UdeA /1.000 jóv. y alta matrícula por origen /1.000,2,66.1,12730,60.087910935561105,38.7199586527694,0.0,210.87226066897347,10.623484464270604
05315,GUADALUPE,C2 · alta % rural y baja Saber 11 global,1,65.8,531,61.04181951577403,1.027749229188078,265.5367231638418,236.5874125874126,50.256937307297015
05318,GUARNE,C1 · alta Saber 11 global y baja % rural,0,65.3,3343,59.06823529411764,13.194062671797692,15.554890816631767,259.4213615023474,8.16039032435404
05237,DONMATIAS,C1 · alta Saber 11 global y baja % rural,0,65.0,1317,22.08614864864865,0.0,13.66742596810934,246.29834254143645,
05756,SONSON,C2 · alta % rural y baja Saber 11 global,1,65.0,3031,49.83522174445247,17.43350107836089,59.05641702408446,234.3393135725429,8.749916621580553
05686,SANTA ROSA DE OSOS,C1 · alta Saber 11 global y baja % rural,0,64.5,3026,45.46946921170374,4.394861392832995,62.12822207534699,256.1320293398533,1.6058147396889737
05541,PENOL,C1 · alta Saber 11 global y baja % rural,0,63.5,1490,38.895058300943916,12.768817204301076,48.993288590604024,239.43259557344064,2.4299660441426028
05101,CIUDAD BOLIVAR,C3 · alta matrícula UdeA /1.000 jóv. y alta matrícula por origen /1.000,2,63.0,2109,36.80921193442062,13.982392542723977,51.209103840682786,236.12941176470588,-1.4509849051537316
05129,CALDAS,C1 · alta Saber 11 global y baja % rural,0,63.0,5625,19.349593495934958,0.15946420028703556,5.333333333333333,252.68631921824104,0.11959815021527476
05856,VALPARAISO,C2 · alta % rural y baja Saber 11 global,1,62.9,441,40.87645000920641,1.2048192771084338,215.41950113378687,235.14414414414415,51.566265060240966
05697,EL SANTUARIO,C1 · alta Saber 11 global y baja % rural,0,62.4,2676,23.268780310778265,10.140845070422534,9.715994020926756,239.10005130836328,17.100678142931663
05310,GOMEZ PLATA,C2 · alta % rural y baja Saber 11 global,1,61.5,658,48.24529447480267,0.0,273.5562310030395,239.9112426035503,
05667,SAN RAFAEL,C2 · alta % rural y baja Saber 11 global,1,61.5,1121,42.52663380505645,4.291845493562231,206.95807314897414,238.10652920962198,29.041487839771108
05390,LA PINTADA,C2 · alta % rural y baja Saber 11 global,1,61.2,739,11.512415349887133,1.297016861219196,106.90121786197564,229.94630872483222,2.1400778210116727
05212,COPACABANA,C1 · alta Saber 11 global y baja % rural,0,60.5,5875,18.631258253899762,0.5417118093174431,4.9361702127659575,261.01190476190476,7.197028323788885
05206,CONCEPCION,C2 · alta % rural y baja Saber 11 global,1,60.4,311,54.92886178861789,8.361204013377925,305.4662379421222,229.72619047619048,54.8494983277592
05088,BELLO,C1 · alta Saber 11 global y baja % rural,0,60.3,39033,4.308561302010164,0.4276171324226244,0.0,247.39165891060586,14.849840479131103
05360,ITAGUI,C1 · alta Saber 11 global y baja % rural,0,59.5,18901,10.118025914055261,0.39376462140689783,0.0,257.03501518731014,-8.352169997315862
05001,MEDELLIN,C1 · alta Saber 11 global y baja % rural,0,58.9,184184,1.676395519616162,0.4355686848015729,0.0,250.20656205917695,4.948015942566975
05264,ENTRERRIOS,C2 · alta % rural y baja Saber 11 global,1,58.9,783,42.02947845804989,1.876172607879925,160.91954022988506,261.14814814814815,17.510944340212625
05031,AMALFI,C2 · alta % rural y baja Saber 11 global,1,58.5,2110,42.33900814211695,17.749934742886975,169.19431279620852,230.67118644067796,21.67150337033796
05190,CISNEROS,C2 · alta % rural y baja Saber 11 global,1,57.1,684,13.5016835016835,0.0,219.29824561403507,229.89162561576356,
05631,SABANETA,C1 · alta Saber 11 global y baja % rural,0,55.8,4854,14.290255143831681,0.2587768480979902,0.0,276.6207906295754,15.868771385031181
05736,SEGOVIA,C3 · alta matrícula UdeA /1.000 jóv. y alta matrícula por origen /1.000,2,55.7,3384,18.106262986049273,27.731974216759106,79.19621749408984,213.33663366336634,18.879214996738604
05380,LA ESTRELLA,C1 · alta Saber 11 global y baja % rural,0,55.5,5005,14.24257155905187,0.1792435920415845,6.193806193806194,276.6694190504276,51.03961283384119
05142,CARACOLI,C2 · alta % rural y baja Saber 11 global,1,55.3,294,38.41693975296194,6.896551724137931,367.34693877551024,223.07766990291262,27.06896551724138
05440,MARINILLA,C1 · alta Saber 11 global y baja % rural,0,54.9,4755,26.080028969762807,17.169511710996428,9.253417455310199,258.49545454545455,16.07459607560574
05658,SAN JOSE DE LA MONTANA,C2 · alta % rural y baja Saber 11 global,1,54.5,321,28.387533875338754,5.110732538330494,355.14018691588785,221.10714285714286,17.26291879613855
05042,SANTA FE DE ANTIOQUIA,C3 · alta matrícula UdeA /1.000 jóv. y alta matrícula por origen /1.000,2,53.9,2053,33.11509303928325,35.74950690335306,32.63516804676084,229.86529318541997,11.134122287968445
05615,RIONEGRO,C3 · alta matrícula UdeA /1.000 jóv. y alta matrícula por origen /1.000,2,53.5,9266,33.45103092783505,24.986202398274045,0.0,258.4699438202247,10.889708046978953
05147,CAREPA,C3 · alta matrícula UdeA /1.000 jóv. y alta matrícula por origen /1.000,2,52.8,5363,31.13026819923372,33.856571252693136,54.260674995338434,231.79319258940112,15.250753145489995
05607,RETIRO,C1 · alta Saber 11 global y baja % rural,0,52.6,1493,41.09661835748793,17.380109430318637,18.08439383791025,281.7111650485437,8.807471778183071
05400,LA UNION,C3 · alta matrícula UdeA /1.000 jóv. y alta matrícula por origen /1.000,2,51.4,1902,39.539698589243585,34.44676409185804,31.545741324921135,249.34034416826003,4.440279622951849
05266,ENVIGADO,C1 · alta Saber 11 global y baja % rural,0,50.6,13008,4.5679424958929005,0.375670229841877,0.0,286.3516282844679,-4.325175183410899
05887,YARUMAL,C3 · alta matrícula UdeA /1.000 jóv. y alta matrícula por origen /1.000,2,49.7,3585,26.29275944629441,33.15649867374005,29.288702928870293,244.6244541484716,14.528146183318597
05172,CHIGORODO,C3 · alta matrícula UdeA /1.000 jóv. y alta matrícula por origen /1.000,2,49.3,6073,16.231732776617953,36.150936757850296,53.68022394203853,225.24618261140543,7.14385535088266
05579,PUERTO BERRIO,C3 · alta matrícula UdeA /1.000 jóv. y alta matrícula por origen /1.000,2,48.7,3314,14.564821608108474,41.48606811145511,42.84852142426071,217.3562091503268,15.25460930640913
05045,APARTADO,C3 · alta matrícula UdeA /1.000 jóv. y alta matrícula por origen /1.000,2,48.1,11481,19.087151556812874,41.64246459050087,0.0,232.41408690712865,8.4071396779879
05034,ANDES,C3 · alta matrícula UdeA /1.000 jóv. y alta matrícula por origen /1.000,2,47.2,3457,49.70899748322148,51.342578931838304,32.10876482499277,244.51227154046998,15.84724751817069
05364,JARDIN,C3 · alta matrícula UdeA /1.000 jóv. y alta matrícula por origen /1.000,2,47.1,1099,47.22694040321985,44.14498141263941,61.874431301182895,250.4306049822064,13.856877323420079
05148,EL CARMEN DE VIBORAL,C3 · alta matrícula UdeA /1.000 jóv. y alta matrícula por origen /1.000,2,46.0,4599,38.947895234388035,38.15694744420446,13.698630136986301,266.41257668711654,17.160050376562864
05321,GUATAPE,C2 · alta % rural y baja Saber 11 global,1,44.3,543,25.703324808184142,11.274934952298352,348.0662983425414,248.30701754385964,5.017012475815598
05154,CAUCASIA,C3 · alta matrícula UdeA /1.000 jóv. y alta matrícula por origen /1.000,2,43.2,8395,12.258460521500998,40.332745147466596,13.579511614055985,244.31125265392782,10.101737774136616
05376,LA CEJA,C3 · alta matrícula UdeA /1.000 jóv. y alta matrícula por origen /1.000,2,41.9,4829,12.91718586872327,33.09254197579071,6.83371298405467,265.5110477548111,10.131551212365196
05353,HISPANIA,C3 · alta matrícula UdeA /1.000 jóv. y alta matrícula por origen /1.000,2,41.3,427,33.27272727272727,46.482412060301506,65.57377049180329,252.95454545454547,10.525600977862283
05150,CAROLINA,C2 · alta % rural y baja Saber 11 global,1,40.1,277,20.96918935088244,4.25531914893617,530.6859205776174,238.96296296296296,2.5531914893617014
